-- phpMyAdmin SQL Dump
-- version 5.2.0
-- https://www.phpmyadmin.net/
--
-- Host: 127.0.0.1:4306
-- Generation Time: Aug 19, 2022 at 05:14 AM
-- Server version: 10.4.24-MariaDB
-- PHP Version: 7.4.29

SET SQL_MODE = "NO_AUTO_VALUE_ON_ZERO";
START TRANSACTION;
SET time_zone = "+00:00";


/*!40101 SET @OLD_CHARACTER_SET_CLIENT=@@CHARACTER_SET_CLIENT */;
/*!40101 SET @OLD_CHARACTER_SET_RESULTS=@@CHARACTER_SET_RESULTS */;
/*!40101 SET @OLD_COLLATION_CONNECTION=@@COLLATION_CONNECTION */;
/*!40101 SET NAMES utf8mb4 */;

--
-- Database: `test`
--

-- --------------------------------------------------------

--
-- Table structure for table `products`
--

CREATE TABLE `products` (
  `id` int(11) NOT NULL,
  `name` varchar(100) NOT NULL,
  `price` decimal(8,2) NOT NULL,
  `status` tinyint(1) NOT NULL DEFAULT 1
) ENGINE=InnoDB DEFAULT CHARSET=utf8;

--
-- Dumping data for table `products`
--

INSERT INTO `products` (`id`, `name`, `price`, `status`) VALUES
(1, 'iPhone 6 Plus', '25000.00', 1),
(2, 'iPhone 6', '22000.00', 1),
(3, 'True SMART 4.0', '5000.00', 1),
(4, 'Samsung Galaxy ALPHA', '12000.00', 1),
(5, 'Samsung Galaxy Note', '23000.00', 1),
(6, 'iPhone 5S', '20000.00', 1),
(7, 'Samsung Galaxy S5', '20000.00', 1),
(8, 'Galaxy K Zoom 3G', '21000.00', 1),
(9, 'OPPO Joy Plus', '4500.00', 1),
(10, 'Galaxy S DUOS 2', '3900.00', 1),
(11, 'OPPO Joy Plus', '3490.00', 1),
(12, 'Huawei Alek 4G', '5460.00', 1),
(13, 'Huawei P8 Lite', '7900.00', 1),
(14, 'OPPO N1 Mini', '9900.00', 1),
(15, 'Samsung Galaxy E7', '11500.00', 1),
(16, 'LG G4', '22900.00', 1),
(17, 'i-Mobile IQ X Lucus', '5900.00', 1),
(18, 'i-mobile I-Style 8.3', '4990.00', 1),
(19, 'I-Mobile I-Style 210', '2490.00', 1),
(20, 'i-mobile IQ 5.7', '4490.00', 1),
(21, 'Galaxy Win 4.7', '7900.00', 1),
(22, 'Galaxy Note 3 LTE', '19900.00', 1),
(23, 'Nokia Lumia 630', '4990.00', 1);

-- --------------------------------------------------------

--
-- Table structure for table `tb_user`
--

CREATE TABLE `tb_user` (
  `id` int(10) UNSIGNED ZEROFILL NOT NULL,
  `user` varchar(20) NOT NULL,
  `pass` varchar(20) NOT NULL,
  `pic` varchar(30) NOT NULL
) ENGINE=InnoDB DEFAULT CHARSET=utf8;

--
-- Dumping data for table `tb_user`
--

INSERT INTO `tb_user` (`id`, `user`, `pass`, `pic`) VALUES
(0000000001, 'admin', 'admin', 'ฟหก');

-- --------------------------------------------------------

--
-- Table structure for table `wmbarcode`
--

CREATE TABLE `wmbarcode` (
  `MRNO` varchar(12) NOT NULL,
  `ITEM` varchar(18) NOT NULL,
  `ROLL` int(4) NOT NULL,
  `PALET` int(4) DEFAULT NULL,
  `PLANT` varchar(4) DEFAULT NULL,
  `DESC1` varchar(40) DEFAULT NULL,
  `DESC2` varchar(40) DEFAULT NULL,
  `DESC3` varchar(40) DEFAULT NULL,
  `PO` varchar(12) DEFAULT NULL,
  `POLN` int(5) DEFAULT NULL,
  `INVOICEDATE` date DEFAULT NULL,
  `CREATEDATE` date DEFAULT NULL,
  `QUANTITY` decimal(10,2) DEFAULT NULL,
  `UNIT` varchar(4) DEFAULT NULL,
  `SUPNAME` varchar(50) DEFAULT NULL,
  `INVOICE` varchar(15) DEFAULT NULL,
  `GRADE` varchar(2) DEFAULT NULL,
  `CODE` varchar(14) DEFAULT NULL,
  `BATCH` varchar(10) DEFAULT NULL,
  `CHANGEDATE` date DEFAULT NULL,
  `COLOR` varchar(9) DEFAULT NULL,
  `SUPPLIER` varchar(10) DEFAULT NULL,
  `DELIVERYNO` varchar(15) DEFAULT NULL,
  `PUGROUP` varchar(3) DEFAULT NULL,
  `PUNAME` varchar(18) DEFAULT NULL,
  `TELEPHONE` varchar(12) DEFAULT NULL,
  `PRICE` decimal(9,2) DEFAULT NULL,
  `PRD` varchar(12) DEFAULT NULL,
  `LOT` varchar(100) DEFAULT NULL,
  `PER` varchar(5) DEFAULT NULL,
  `CURR` varchar(5) DEFAULT NULL,
  `TOQC` varchar(1) DEFAULT NULL,
  `TOTEST` varchar(1) DEFAULT NULL,
  `RESULTQC` varchar(1) DEFAULT NULL,
  `RESULTTEST` varchar(1) DEFAULT NULL,
  `PAGE` varchar(4) DEFAULT NULL,
  `AFTERQTY` decimal(10,2) DEFAULT NULL,
  `REMARKRM1` varchar(60) DEFAULT NULL,
  `REMARKRM2` varchar(60) DEFAULT NULL,
  `REMARKRM3` varchar(60) DEFAULT NULL,
  `SAVEDATE` varchar(10) DEFAULT NULL,
  `DMWEIGHT` decimal(7,3) DEFAULT NULL,
  `MWEIGHT` decimal(7,3) DEFAULT NULL,
  `RMWIDTH` decimal(7,3) DEFAULT NULL,
  `REFMRNO` varchar(12) DEFAULT NULL,
  `OLDINVOICE` varchar(15) DEFAULT NULL,
  `REALQTY` decimal(10,2) DEFAULT NULL,
  `WEIGHT` varchar(6) DEFAULT NULL
) ENGINE=InnoDB DEFAULT CHARSET=utf8;

--
-- Dumping data for table `wmbarcode`
--

INSERT INTO `wmbarcode` (`MRNO`, `ITEM`, `ROLL`, `PALET`, `PLANT`, `DESC1`, `DESC2`, `DESC3`, `PO`, `POLN`, `INVOICEDATE`, `CREATEDATE`, `QUANTITY`, `UNIT`, `SUPNAME`, `INVOICE`, `GRADE`, `CODE`, `BATCH`, `CHANGEDATE`, `COLOR`, `SUPPLIER`, `DELIVERYNO`, `PUGROUP`, `PUNAME`, `TELEPHONE`, `PRICE`, `PRD`, `LOT`, `PER`, `CURR`, `TOQC`, `TOTEST`, `RESULTQC`, `RESULTTEST`, `PAGE`, `AFTERQTY`, `REMARKRM1`, `REMARKRM2`, `REMARKRM3`, `SAVEDATE`, `DMWEIGHT`, `MWEIGHT`, `RMWIDTH`, `REFMRNO`, `OLDINVOICE`, `REALQTY`, `WEIGHT`) VALUES
('902208002765', '90BKL0174-0165', 2, 106, '9000', '20174EA POLY KNIT WD.66 C#01/WH', ' 100% POLYESTER DOUBLE KNIT FABRIC KN M/', 'C 22GG/34IN  YARN #100-36/150-48 WEIGHT', '4592200648', 10, '2022-08-11', '2022-08-11', '45.00', 'YD', 'บริษัท โทเร เท็กซ์ไทล์ (ประเทศไทย)', '193130', 'A', '9002200013325', 'KI-604/17', '2022-08-11', '4.5', '0600000089', '', '915', 'C. BUNDIT*', '', '98.00', '', '1', 'THB', '', '', '0', NULL, NULL, NULL, NULL, NULL, NULL, NULL, NULL, NULL, NULL, NULL, NULL, NULL, NULL, NULL),
('902208002765', '90BKL0174-0165', 3, 106, '9000', '20174EA POLY KNIT WD.66 C#01/WH', ' 100% POLYESTER DOUBLE KNIT FABRIC KN M/', 'C 22GG/34IN  YARN #100-36/150-48 WEIGHT', '4592200648', 10, '2022-08-11', '2022-08-11', '47.00', 'YD', 'บริษัท โทเร เท็กซ์ไทล์ (ประเทศไทย)', '193130', 'A', '9002200013326', 'KI-604/17', '2022-08-11', '4.5', '0600000089', '', '915', 'C. BUNDIT*', '', '98.00', '', '1', 'THB', '', '', '0', NULL, NULL, NULL, NULL, NULL, NULL, NULL, NULL, NULL, NULL, NULL, NULL, NULL, NULL, NULL),
('902208002765', '90BKL0174-0165', 6, 106, '9000', '20174EA POLY KNIT WD.66 C#01/WH', ' 100% POLYESTER DOUBLE KNIT FABRIC KN M/', 'C 22GG/34IN  YARN #100-36/150-48 WEIGHT', '4592200648', 10, '2022-08-11', '2022-08-11', '45.00', 'YD', 'บริษัท โทเร เท็กซ์ไทล์ (ประเทศไทย)', '193130', 'A', '9002200013329', 'KI-604/17', '2022-08-11', '4.5', '0600000089', '', '915', 'C. BUNDIT*', '', '98.00', '', '1', 'THB', '', '', '0', NULL, NULL, NULL, NULL, NULL, NULL, NULL, NULL, NULL, NULL, NULL, NULL, NULL, NULL, NULL),
('902208002765', '90BKL0174-0165', 7, 106, '9000', '20174EA POLY KNIT WD.66 C#01/WH', ' 100% POLYESTER DOUBLE KNIT FABRIC KN M/', 'C 22GG/34IN  YARN #100-36/150-48 WEIGHT', '4592200648', 10, '2022-08-11', '2022-08-11', '44.00', 'YD', 'บริษัท โทเร เท็กซ์ไทล์ (ประเทศไทย)', '193130', 'A', '9002200013330', 'KI-604/17', '2022-08-11', '4.5', '0600000089', '', '915', 'C. BUNDIT*', '', '98.00', '', '1', 'THB', '', '', '0', NULL, NULL, NULL, NULL, NULL, NULL, NULL, NULL, NULL, NULL, NULL, NULL, NULL, NULL, NULL),
('902208002765', '90BKL0174-0165', 8, 106, '9000', '20174EA POLY KNIT WD.66 C#01/WH', ' 100% POLYESTER DOUBLE KNIT FABRIC KN M/', 'C 22GG/34IN  YARN #100-36/150-48 WEIGHT', '4592200648', 10, '2022-08-11', '2022-08-11', '45.00', 'YD', 'บริษัท โทเร เท็กซ์ไทล์ (ประเทศไทย)', '193130', 'A', '9002200013331', 'KI-604/18', '2022-08-11', '4.5', '0600000089', '', '915', 'C. BUNDIT*', '', '98.00', '', '1', 'THB', '', '', '0', NULL, NULL, NULL, NULL, NULL, NULL, NULL, NULL, NULL, NULL, NULL, NULL, NULL, NULL, NULL),
('902208002765', '90BKL0174-0165', 9, 106, '9000', '20174EA POLY KNIT WD.66 C#01/WH', ' 100% POLYESTER DOUBLE KNIT FABRIC KN M/', 'C 22GG/34IN  YARN #100-36/150-48 WEIGHT', '4592200648', 10, '2022-08-11', '2022-08-11', '44.00', 'YD', 'บริษัท โทเร เท็กซ์ไทล์ (ประเทศไทย)', '193130', 'A', '9002200013332', 'KI-604/18', '2022-08-11', '4.5', '0600000089', '', '915', 'C. BUNDIT*', '', '98.00', '', '1', 'THB', '', '', '0', NULL, NULL, NULL, NULL, NULL, NULL, NULL, NULL, NULL, NULL, NULL, NULL, NULL, NULL, NULL),
('902208002765', '90BKL0174-0165', 10, 106, '9000', '20174EA POLY KNIT WD.66 C#01/WH', ' 100% POLYESTER DOUBLE KNIT FABRIC KN M/', 'C 22GG/34IN  YARN #100-36/150-48 WEIGHT', '4592200648', 10, '2022-08-11', '2022-08-11', '45.00', 'YD', 'บริษัท โทเร เท็กซ์ไทล์ (ประเทศไทย)', '193130', 'A', '9002200013333', 'KI-604/18', '2022-08-11', '4.5', '0600000089', '', '915', 'C. BUNDIT*', '', '98.00', '', '1', 'THB', '', '', '0', NULL, NULL, NULL, NULL, NULL, NULL, NULL, NULL, NULL, NULL, NULL, NULL, NULL, NULL, NULL),
('902208002765', '90BKL0174-0165', 11, 106, '9000', '20174EA POLY KNIT WD.66 C#01/WH', ' 100% POLYESTER DOUBLE KNIT FABRIC KN M/', 'C 22GG/34IN  YARN #100-36/150-48 WEIGHT', '4592200648', 10, '2022-08-11', '2022-08-11', '45.00', 'YD', 'บริษัท โทเร เท็กซ์ไทล์ (ประเทศไทย)', '193130', 'A', '9002200013334', 'KI-604/18', '2022-08-11', '4.5', '0600000089', '', '915', 'C. BUNDIT*', '', '98.00', '', '1', 'THB', '', '', '0', NULL, NULL, NULL, NULL, NULL, NULL, NULL, NULL, NULL, NULL, NULL, NULL, NULL, NULL, NULL),
('902208002765', '90BKL0174-0165', 12, 106, '9000', '20174EA POLY KNIT WD.66 C#01/WH', ' 100% POLYESTER DOUBLE KNIT FABRIC KN M/', 'C 22GG/34IN  YARN #100-36/150-48 WEIGHT', '4592200648', 10, '2022-08-11', '2022-08-11', '45.00', 'YD', 'บริษัท โทเร เท็กซ์ไทล์ (ประเทศไทย)', '193130', 'A', '9002200013335', 'KI-604/18', '2022-08-11', '4.5', '0600000089', '', '915', 'C. BUNDIT*', '', '98.00', '', '1', 'THB', '', '', '0', NULL, NULL, NULL, NULL, NULL, NULL, NULL, NULL, NULL, NULL, NULL, NULL, NULL, NULL, NULL),
('902208002765', '90BKL0174-0165', 13, 106, '9000', '20174EA POLY KNIT WD.66 C#01/WH', ' 100% POLYESTER DOUBLE KNIT FABRIC KN M/', 'C 22GG/34IN  YARN #100-36/150-48 WEIGHT', '4592200648', 10, '2022-08-11', '2022-08-11', '46.00', 'YD', 'บริษัท โทเร เท็กซ์ไทล์ (ประเทศไทย)', '193130', 'A', '9002200013336', 'KI-604/18', '2022-08-11', '4.5', '0600000089', '', '915', 'C. BUNDIT*', '', '98.00', '', '1', 'THB', '', '', '0', NULL, NULL, NULL, NULL, NULL, NULL, NULL, NULL, NULL, NULL, NULL, NULL, NULL, NULL, NULL),
('902208002765', '90BKL0174-0165', 14, 106, '9000', '20174EA POLY KNIT WD.66 C#01/WH', ' 100% POLYESTER DOUBLE KNIT FABRIC KN M/', 'C 22GG/34IN  YARN #100-36/150-48 WEIGHT', '4592200648', 10, '2022-08-11', '2022-08-11', '46.00', 'YD', 'บริษัท โทเร เท็กซ์ไทล์ (ประเทศไทย)', '193130', 'A', '9002200013323', 'KI-604/19', '2022-08-11', '4.5', '0600000089', '', '915', 'C. BUNDIT*', '', '98.00', '', '1', 'THB', '', '', '0', NULL, NULL, NULL, NULL, NULL, NULL, NULL, NULL, NULL, NULL, NULL, NULL, NULL, NULL, NULL),
('902208002765', '90BKL0174-0165', 15, 106, '9000', '20174EA POLY KNIT WD.66 C#01/WH', ' 100% POLYESTER DOUBLE KNIT FABRIC KN M/', 'C 22GG/34IN  YARN #100-36/150-48 WEIGHT', '4592200648', 10, '2022-08-11', '2022-08-11', '47.00', 'YD', 'บริษัท โทเร เท็กซ์ไทล์ (ประเทศไทย)', '193130', 'A', '9002200013310', 'KI-604/19', '2022-08-11', '4.5', '0600000089', '', '915', 'C. BUNDIT*', '', '98.00', '', '1', 'THB', '', '', '0', NULL, NULL, NULL, NULL, NULL, NULL, NULL, NULL, NULL, NULL, NULL, NULL, NULL, NULL, NULL),
('902208002765', '90BKL0174-0165', 16, 106, '9000', '20174EA POLY KNIT WD.66 C#01/WH', ' 100% POLYESTER DOUBLE KNIT FABRIC KN M/', 'C 22GG/34IN  YARN #100-36/150-48 WEIGHT', '4592200648', 10, '2022-08-11', '2022-08-11', '48.00', 'YD', 'บริษัท โทเร เท็กซ์ไทล์ (ประเทศไทย)', '193130', 'A', '9002200013311', 'KI-604/19', '2022-08-11', '4.5', '0600000089', '', '915', 'C. BUNDIT*', '', '98.00', '', '1', 'THB', '', '', '0', NULL, NULL, NULL, NULL, NULL, NULL, NULL, NULL, NULL, NULL, NULL, NULL, NULL, NULL, NULL),
('902208002765', '90BKL0174-0165', 17, 106, '9000', '20174EA POLY KNIT WD.66 C#01/WH', ' 100% POLYESTER DOUBLE KNIT FABRIC KN M/', 'C 22GG/34IN  YARN #100-36/150-48 WEIGHT', '4592200648', 10, '2022-08-11', '2022-08-11', '47.00', 'YD', 'บริษัท โทเร เท็กซ์ไทล์ (ประเทศไทย)', '193130', 'A', '9002200013312', 'KI-604/19', '2022-08-11', '4.5', '0600000089', '', '915', 'C. BUNDIT*', '', '98.00', '', '1', 'THB', '', '', '0', NULL, NULL, NULL, NULL, NULL, NULL, NULL, NULL, NULL, NULL, NULL, NULL, NULL, NULL, NULL),
('902208002765', '90BKL0174-0165', 18, 106, '9000', '20174EA POLY KNIT WD.66 C#01/WH', ' 100% POLYESTER DOUBLE KNIT FABRIC KN M/', 'C 22GG/34IN  YARN #100-36/150-48 WEIGHT', '4592200648', 10, '2022-08-11', '2022-08-11', '48.00', 'YD', 'บริษัท โทเร เท็กซ์ไทล์ (ประเทศไทย)', '193130', 'A', '9002200013313', 'KI-604/19', '2022-08-11', '4.5', '0600000089', '', '915', 'C. BUNDIT*', '', '98.00', '', '1', 'THB', '', '', '0', NULL, NULL, NULL, NULL, NULL, NULL, NULL, NULL, NULL, NULL, NULL, NULL, NULL, NULL, NULL),
('902208002765', '90BKL0174-0165', 19, 106, '9000', '20174EA POLY KNIT WD.66 C#01/WH', ' 100% POLYESTER DOUBLE KNIT FABRIC KN M/', 'C 22GG/34IN  YARN #100-36/150-48 WEIGHT', '4592200648', 10, '2022-08-11', '2022-08-11', '47.00', 'YD', 'บริษัท โทเร เท็กซ์ไทล์ (ประเทศไทย)', '193130', 'A', '9002200013314', 'KI-604/19', '2022-08-11', '4.5', '0600000089', '', '915', 'C. BUNDIT*', '', '98.00', '', '1', 'THB', '', '', '0', NULL, NULL, NULL, NULL, NULL, NULL, NULL, NULL, NULL, NULL, NULL, NULL, NULL, NULL, NULL),
('902208002765', '90BKL0174-0165', 20, 106, '9000', '20174EA POLY KNIT WD.66 C#01/WH', ' 100% POLYESTER DOUBLE KNIT FABRIC KN M/', 'C 22GG/34IN  YARN #100-36/150-48 WEIGHT', '4592200648', 10, '2022-08-11', '2022-08-11', '46.00', 'YD', 'บริษัท โทเร เท็กซ์ไทล์ (ประเทศไทย)', '193130', 'A', '9002200013315', 'KI-604/19', '2022-08-11', '4.5', '0600000089', '', '915', 'C. BUNDIT*', '', '98.00', '', '1', 'THB', '', '', '0', NULL, NULL, NULL, NULL, NULL, NULL, NULL, NULL, NULL, NULL, NULL, NULL, NULL, NULL, NULL),
('902208002765', '90BKL0174-0165', 21, 105, '9000', '20174EA POLY KNIT WD.66 C#01/WH', ' 100% POLYESTER DOUBLE KNIT FABRIC KN M/', 'C 22GG/34IN  YARN #100-36/150-48 WEIGHT', '4592200648', 10, '2022-08-11', '2022-08-11', '46.00', 'YD', 'บริษัท โทเร เท็กซ์ไทล์ (ประเทศไทย)', '193130', 'A', '9002200013316', 'KI-604/20', '2022-08-11', '4.5', '0600000089', '', '915', 'C. BUNDIT*', '', '98.00', '', '1', 'THB', '', '', '0', NULL, NULL, NULL, NULL, NULL, NULL, NULL, NULL, NULL, NULL, NULL, NULL, NULL, NULL, NULL),
('902208002765', '90BKL0174-0165', 22, 105, '9000', '20174EA POLY KNIT WD.66 C#01/WH', ' 100% POLYESTER DOUBLE KNIT FABRIC KN M/', 'C 22GG/34IN  YARN #100-36/150-48 WEIGHT', '4592200648', 10, '2022-08-11', '2022-08-11', '46.00', 'YD', 'บริษัท โทเร เท็กซ์ไทล์ (ประเทศไทย)', '193130', 'A', '9002200013317', 'KI-604/20', '2022-08-11', '4.5', '0600000089', '', '915', 'C. BUNDIT*', '', '98.00', '', '1', 'THB', '', '', '0', NULL, NULL, NULL, NULL, NULL, NULL, NULL, NULL, NULL, NULL, NULL, NULL, NULL, NULL, NULL),
('902208002765', '90BKL0174-0165', 23, 105, '9000', '20174EA POLY KNIT WD.66 C#01/WH', ' 100% POLYESTER DOUBLE KNIT FABRIC KN M/', 'C 22GG/34IN  YARN #100-36/150-48 WEIGHT', '4592200648', 10, '2022-08-11', '2022-08-11', '48.00', 'YD', 'บริษัท โทเร เท็กซ์ไทล์ (ประเทศไทย)', '193130', 'A', '9002200013318', 'KI-604/20', '2022-08-11', '4.5', '0600000089', '', '915', 'C. BUNDIT*', '', '98.00', '', '1', 'THB', '', '', '0', NULL, NULL, NULL, NULL, NULL, NULL, NULL, NULL, NULL, NULL, NULL, NULL, NULL, NULL, NULL),
('902208002765', '90BKL0174-0165', 24, 105, '9000', '20174EA POLY KNIT WD.66 C#01/WH', ' 100% POLYESTER DOUBLE KNIT FABRIC KN M/', 'C 22GG/34IN  YARN #100-36/150-48 WEIGHT', '4592200648', 10, '2022-08-11', '2022-08-11', '48.00', 'YD', 'บริษัท โทเร เท็กซ์ไทล์ (ประเทศไทย)', '193130', 'A', '9002200013319', 'KI-604/20', '2022-08-11', '4.5', '0600000089', '', '915', 'C. BUNDIT*', '', '98.00', '', '1', 'THB', '', '', '0', NULL, NULL, NULL, NULL, NULL, NULL, NULL, NULL, NULL, NULL, NULL, NULL, NULL, NULL, NULL),
('902208002765', '90BKL0174-0165', 25, 105, '9000', '20174EA POLY KNIT WD.66 C#01/WH', ' 100% POLYESTER DOUBLE KNIT FABRIC KN M/', 'C 22GG/34IN  YARN #100-36/150-48 WEIGHT', '4592200648', 10, '2022-08-11', '2022-08-11', '47.00', 'YD', 'บริษัท โทเร เท็กซ์ไทล์ (ประเทศไทย)', '193130', 'A', '9002200013320', 'KI-604/20', '2022-08-11', '4.5', '0600000089', '', '915', 'C. BUNDIT*', '', '98.00', '', '1', 'THB', '', '', '0', NULL, NULL, NULL, NULL, NULL, NULL, NULL, NULL, NULL, NULL, NULL, NULL, NULL, NULL, NULL),
('902208002765', '90BKL0174-0165', 26, 105, '9000', '20174EA POLY KNIT WD.66 C#01/WH', ' 100% POLYESTER DOUBLE KNIT FABRIC KN M/', 'C 22GG/34IN  YARN #100-36/150-48 WEIGHT', '4592200648', 10, '2022-08-11', '2022-08-11', '47.00', 'YD', 'บริษัท โทเร เท็กซ์ไทล์ (ประเทศไทย)', '193130', 'A', '9002200013321', 'KI-604/20', '2022-08-11', '4.5', '0600000089', '', '915', 'C. BUNDIT*', '', '98.00', '', '1', 'THB', '', '', '0', NULL, NULL, NULL, NULL, NULL, NULL, NULL, NULL, NULL, NULL, NULL, NULL, NULL, NULL, NULL),
('902208002765', '90BKL0174-0165', 27, 105, '9000', '20174EA POLY KNIT WD.66 C#01/WH', ' 100% POLYESTER DOUBLE KNIT FABRIC KN M/', 'C 22GG/34IN  YARN #100-36/150-48 WEIGHT', '4592200648', 10, '2022-08-11', '2022-08-11', '45.00', 'YD', 'บริษัท โทเร เท็กซ์ไทล์ (ประเทศไทย)', '193130', 'A', '9002200013322', 'KI-604/20', '2022-08-11', '4.5', '0600000089', '', '915', 'C. BUNDIT*', '', '98.00', '', '1', 'THB', '', '', '0', NULL, NULL, NULL, NULL, NULL, NULL, NULL, NULL, NULL, NULL, NULL, NULL, NULL, NULL, NULL);

-- --------------------------------------------------------

--
-- Table structure for table `wmmaster`
--

CREATE TABLE `wmmaster` (
  `BARCODE` varchar(14) NOT NULL,
  `MRNO` varchar(12) DEFAULT NULL,
  `ITEM` varchar(18) DEFAULT NULL,
  `ROLL` varchar(4) DEFAULT NULL
) ENGINE=InnoDB DEFAULT CHARSET=utf8;

--
-- Dumping data for table `wmmaster`
--

INSERT INTO `wmmaster` (`BARCODE`, `MRNO`, `ITEM`, `ROLL`) VALUES
('9002200013310', '902208002765', '90BKL0174-0165', '15'),
('9002200013311', '902208002765', '90BKL0174-0165', '16'),
('9002200013312', '902208002765', '90BKL0174-0165', '17'),
('9002200013313', '902208002765', '90BKL0174-0165', '18'),
('9002200013314', '902208002765', '90BKL0174-0165', '19'),
('9002200013315', '902208002765', '90BKL0174-0165', '20'),
('9002200013316', '902208002765', '90BKL0174-0165', '21'),
('9002200013317', '902208002765', '90BKL0174-0165', '22'),
('9002200013318', '902208002765', '90BKL0174-0165', '23'),
('9002200013319', '902208002765', '90BKL0174-0165', '24'),
('9002200013320', '902208002765', '90BKL0174-0165', '25'),
('9002200013321', '902208002765', '90BKL0174-0165', '26'),
('9002200013322', '902208002765', '90BKL0174-0165', '27'),
('9002200013323', '902208002765', '90BKL0174-0165', '14'),
('9002200013325', '902208002765', '90BKL0174-0165', '2'),
('9002200013326', '902208002765', '90BKL0174-0165', '3'),
('9002200013329', '902208002765', '90BKL0174-0165', '6'),
('9002200013330', '902208002765', '90BKL0174-0165', '7'),
('9002200013331', '902208002765', '90BKL0174-0165', '8'),
('9002200013332', '902208002765', '90BKL0174-0165', '9'),
('9002200013333', '902208002765', '90BKL0174-0165', '10'),
('9002200013334', '902208002765', '90BKL0174-0165', '11'),
('9002200013335', '902208002765', '90BKL0174-0165', '12'),
('9002200013336', '902208002765', '90BKL0174-0165', '13');

-- --------------------------------------------------------

--
-- Table structure for table `wmqck`
--

CREATE TABLE `wmqck` (
  `MRNO` varchar(12) NOT NULL,
  `ITEM` varchar(18) NOT NULL,
  `ROLL` int(4) NOT NULL,
  `PALET` int(4) DEFAULT NULL,
  `ACTQTY` int(10) DEFAULT NULL,
  `ETHREAD` varchar(2) DEFAULT NULL,
  `EOIL` varchar(2) DEFAULT NULL,
  `EKNOT` varchar(2) DEFAULT NULL,
  `EJOINT` varchar(2) DEFAULT NULL,
  `EARCH` varchar(2) DEFAULT NULL,
  `EFURROW` varchar(2) DEFAULT NULL,
  `EDIRTY` varchar(2) DEFAULT NULL,
  `EALKALI` varchar(2) DEFAULT NULL,
  `EBROKEN` varchar(2) DEFAULT NULL,
  `EREPEAT` varchar(10) DEFAULT NULL,
  `TOTERR` int(3) DEFAULT NULL,
  `WIDTH` varchar(10) DEFAULT NULL,
  `GRADEQC` int(4) DEFAULT NULL,
  `QCDATE` date DEFAULT NULL,
  `BYNAME` varchar(30) DEFAULT NULL,
  `WEIGHT` int(8) DEFAULT NULL,
  `QTYLAY` int(1) DEFAULT NULL,
  `MARK` varchar(1) DEFAULT NULL,
  `REMARK1` varchar(150) DEFAULT NULL,
  `REMARK2` varchar(150) DEFAULT NULL,
  `REMARK3` varchar(150) DEFAULT NULL,
  `REJECT` varchar(1) DEFAULT NULL,
  `BYNAME1` varchar(20) DEFAULT NULL,
  `REMARK4` varchar(20) DEFAULT NULL,
  `WEIGHT1` varchar(10) DEFAULT NULL,
  `MARK_TOTERR` varchar(1) DEFAULT NULL,
  `REFMRNO` varchar(12) DEFAULT NULL
) ENGINE=InnoDB DEFAULT CHARSET=utf8;

--
-- Indexes for dumped tables
--

--
-- Indexes for table `products`
--
ALTER TABLE `products`
  ADD PRIMARY KEY (`id`);

--
-- Indexes for table `tb_user`
--
ALTER TABLE `tb_user`
  ADD PRIMARY KEY (`id`);

--
-- Indexes for table `wmbarcode`
--
ALTER TABLE `wmbarcode`
  ADD PRIMARY KEY (`MRNO`,`ITEM`,`ROLL`);

--
-- Indexes for table `wmmaster`
--
ALTER TABLE `wmmaster`
  ADD PRIMARY KEY (`BARCODE`);

--
-- Indexes for table `wmqck`
--
ALTER TABLE `wmqck`
  ADD PRIMARY KEY (`MRNO`,`ITEM`,`ROLL`);

--
-- AUTO_INCREMENT for dumped tables
--

--
-- AUTO_INCREMENT for table `products`
--
ALTER TABLE `products`
  MODIFY `id` int(11) NOT NULL AUTO_INCREMENT, AUTO_INCREMENT=24;
COMMIT;

/*!40101 SET CHARACTER_SET_CLIENT=@OLD_CHARACTER_SET_CLIENT */;
/*!40101 SET CHARACTER_SET_RESULTS=@OLD_CHARACTER_SET_RESULTS */;
/*!40101 SET COLLATION_CONNECTION=@OLD_COLLATION_CONNECTION */;
